ID,Start time,Completion time,Email,Name,How often do you visit our restaurant?,How would you rate the quality of the chicken?,How would you rate our staff hospitality?,Service Time,Fair Pricing,What is you favorite item?,What would items could we add add?,Would adding a rewards system bring you back more?,How likely are you to recommend us to a friend or colleague?
1,4/9/26 13:58:03,4/9/26 13:59:07,ccelik@my.yearupunited.org,cagla celik,A couple times a week,4,3,15 minutes,Neither Agree nor Disagree,Desserts,Gluten free options,Yes,6
2,4/9/26 14:00:24,4/9/26 14:01:41,ssimsek@my.yearupunited.org,sultan simsek,Once every few months,4,5,15 minutes,,Chuck special,,Yes,8
3,4/9/26 14:01:03,4/9/26 14:27:18,kmarsh1@my.yearupunited.org,kiersten marsh,A couple times a month,5,5,15 minutes,Agree,the chicken,more chicken,Yes,10
4,4/9/26 14:28:05,4/9/26 14:28:34,lpham1@my.yearupunited.org,longley pham,Daily,5,2,15 minutes,Agree,,,Yes,
5,4/9/26 15:23:27,4/9/26 15:28:06,tarista@my.yearupunited.org,tracy arista,A couple times a month,5,5,25 minutes,Agree,spicy as cluck,more ice cream flavors,Yes,8
6,4/9/26 17:22:35,4/9/26 17:28:15,mruiz3@my.yearupunited.org,maritza ruiz,First Time,4,5,25 minutes,Neither Agree nor Disagree,Popcorn Chicken,Cajun Fries,Yes,7
7,4/12/26 13:24:44,4/12/26 13:25:09,jnavarroservin@my.yearupunited.org,jessica navarroservin,First Time,5,5,20 minutes ,Disagree,,valentina,Yes,6
8,4/12/26 17:59:43,4/12/26 18:00:55,asago@my.yearupunited.org,antwaushea sago,A couple times a month,4,5,15 minutes,Agree,Buffalo wings,Milkshakes,Yes,9
9,4/14/26 13:59:46,4/14/26 14:00:49,rmengesha@my.yearupunited.org,rmengesha@my.yearupunited.org,A couple times a week,5,5,20 minutes ,Agree,chicken sandwich ,gluten free options ,Yes,9
